"participant_id","session_type","estimated_threshold","estimated_slope","mean_accuracy","mean_confidence","auroc","d","metad","mratio"
"AA5708","POST",50.5,0.25473529925109,0.0125,61.5443037974684,0.484126984126984,-2.49770547441237,-0.681677547564549,0.272921509180311
"AD9708","PRE",-5.16077325104829,4.07369200012698,0.725,47.0759493670886,0.637254901960784,1.68252196121415,0.853308931179072,0.507160649816006
"AD9708","POST",-5.12790315365272,5.82845363120564,0.69620253164557,41.5897435897436,0.554263565891473,1.52646531129616,0.185347157668929,0.121422449823996
"AE8407","POST",-5.15323824459157,4.20785744114535,0.7,65.4333333333333,0.625925925925926,1.60721257001113,1.03842188040263,0.646101144166286
"AH8210","PRE",-29.7056214457952,6.27929883293783,0.422535211267606,54.2394366197183,0.532738095238095,-0.192663868219727,-0.105196619077515,0.546011143913823
"AH8210","POST",-27.2197704621283,6.89552235236213,0.375,46.9166666666667,0.731868131868132,0.337482070842879,1.42773918486004,4.23056306752589
"AH9505","PRE",2.65130691708515,7.20419267613361,0.860759493670886,46.7341772151899,0.629166666666667,2.08515463607152,1.42525314621486,0.683523956237636
"AH9505","POST",-1.31757651540269,5.39449738637907,0.8625,38.325,0.681818181818182,2.10718181648276,0.945938032764944,0.448911444359308
"AK0809","PRE",-31.5055755461874,7.03142691019183,0.448717948717949,72.2435897435897,0.4905,-0.12726055720675,-0.394438893472236,3.0994591107394
"AK0809","POST",-30.5850938036545,10.3638459180969,0.45,77.225,0.555714285714286,-0.124101932720938,-0.291439676943716,2.34838950976745
"AK5202","PRE",-6.62315554461779,8.34722623021776,0.775,56.2025316455696,0.718,1.69658256150679,1.01145949547494,0.596174638607994
"AK5202","POST",-1.38410442913105,5.88194416860566,0.8625,43.9875,0.710727969348659,2.13522681066529,1.42483303741948,0.667298214083184
"AK7902","PRE",-20.8143260760523,6.633901576008,0.4125,61.75,0.216269841269841,-0.218344770767368,-1.14575007087318,5.24743536035447
"AK7902","POST",-24.2814036693686,9.38937024405247,0.3875,56.7375,0.354875283446712,0.644606685846225,-0.255090047666602,-0.395729757800643
"AL4005","PRE",-16.9780042884649,15.9234838343238,0.675324675324675,62.9868421052632,0.401315789473684,2.09643861993554,0.46779314828388,0.223137059122801
"AL4005","POST",-20.091009605378,11.9844775093353,0.448717948717949,64.5641025641026,0.455357142857143,-0.12726055720675,-0.221371143754448,1.73951103635986
"AL5010","PRE",-48.6936356637842,10.8311641575341,0.139240506329114,42.0379746835443,0.343434343434343,-1.06362193833772,-0.664049990983649,0.624328971647068
"AL5010","POST",-49.7703820361101,5.36369992881232,0.0875,22.125,0.441520467836257,-1.32495768889298,-0.366953033637861,0.276954529728761
"AM1006","PRE",-17.0744279133118,10.6862944637475,0.5625,62.8354430379747,0.548713235294118,1.61062683799776,0.701008345622169,0.4352394540337
"AM1006","POST",-16.0710201215948,12.1261738397494,0.575,68.4375,0.636363636363636,1.49868853689093,0.693700137278365,0.46287145074017
"AO3608","PRE",-23.8516350037628,16.5340877347222,0.519480519480519,57.4025974025974,0.344594594594595,1.34865000307963,0.430768964342977,0.31940752853544
"AO3608","POST",-27.5359737727359,7.59993575332694,0.43421052631579,51.6184210526316,0.451923076923077,-0.163493525929865,-0.476114482013391,2.91213049143998
"AS2506","PRE",-15.8542954847511,6.4077474820075,0.474358974358974,44.2307692307692,0.533234126984127,0.594062476509912,0.552354595465559,0.929792096465368
"AS2506","POST",-4.61573244118954,8.83682944989467,0.844155844155844,46.4533333333333,0.637860082304527,2.21905423819173,1.07443937454106,0.4841879734389
"AS3910","PRE",-16.8460654736099,6.83130059208812,0.5,54.3037974683544,0.60110294117647,0.674489750196082,-0.0739056002913259,-0.109572606951908
"AS3910","POST",-12.6138197104347,4.91382737623061,0.468354430379747,48.2278481012658,0.460227272727273,1.21510012231253,1.09552119331156,0.901589237952344
"BA1409","PRE",-11.2376317844733,7.93692376972541,0.756410256410256,53.5897435897436,0.519207683073229,1.96052571698228,0.807294457014601,0.411774479682533
"BA1409","POST",-18.2456232868104,7.05459023782005,0.493506493506494,35.2467532467532,0.426587301587302,-0.0160688214525591,-0.587321861608549,36.5504006216344
"BB2003","PRE",0.877195205643902,6.20552945361401,0.835443037974684,61.4683544303797,0.721230158730159,1.90104015113534,1.70413261227119,0.896421157256168
"BB2003","POST",6.7136669838843,3.86071073088309,0.55,50.15,0.558879392212726,1.23077665406218,0.939718355125873,0.763516558446516
"BF8904","PRE",-21.6174202180197,9.03796087261992,0.430379746835443,56.873417721519,0.341011743450768,-0.173192651006423,-0.706596291501357,4.07982837259735
"BF8904","POST",-18.3852686804824,17.4612505173866,0.679487179487179,53.2987012987013,0.462473572938689,1.64402194135917,0.351313311301863,0.213691376291133
"BG1203","PRE",3.34271761037602,5.90837734841906,0.772151898734177,71.474358974359,0.677224736048265,1.52147632446474,1.28360667724682,0.84365866008359
"BG1203","POST",-0.236789479820263,4.49203231849979,0.860759493670886,61.6835443037975,0.5,2.08932203356405,0.51015443194042,0.244172235655878
"BJ8108","PRE",-18.9673838042477,22.8481798192078,0.5375,45.3076923076923,0.438490214352283,0.0635015957225528,-0.467916518667371,-7.36857890487921
"BJ8108","POST",6.19296989791482,23.2132597324395,0.45,40.8625,0.379166666666667,-0.152179150019139,-0.639928088747458,4.20509701011587
"BK0909","PRE",2.25545327246658,8.67194043204323,0.85,48.2,0.524216524216524,2.04648648856813,0.283014237061734,0.138292746442588
"BK0909","POST",-0.168601427477376,9.57022993840649,0.85,41.0375,0.642241379310345,2.00904702648123,1.48903043471286,0.741162558708666
"BM5104","PRE",-9.932879116345,6.04777966050468,0.59493670886076,55.1645569620253,0.481646825396825,1.78026398066066,0.548712473503673,0.308219724414154
"BM5104","POST",-12.8681673297097,7.0532186448511,0.474358974358974,55.8076923076923,0.523809523809524,-0.0635015957225528,-0.129308325672152,2.03630041419932
"BS4429","PRE",1.92404215980341,7.65479791505125,0.818181818181818,55.5066666666667,0.554807692307692,1.84035810647103,0.86284107641222,0.468844119727739
"BS4429","POST",15.5249575240847,9.7232780512089,0.564102564102564,46.5384615384615,0.520417853751187,1.62853077885448,0.685668011508637,0.421034726768221
"BU8811","PRE",-24.305490256548,7.24909098199062,0.487179487179487,74.6410256410256,0.470272904483431,0.62626667664016,0.21721497599208,0.346841024908766
"BU8811","POST",-25.8098522971801,9.46080244476564,0.475,81.1375,0.5328125,-0.0619316234553173,-0.202709498847374,3.27311779568681
"CA4690","PRE",-21.885710849248,7.7110221271678,0.435897435897436,54.3974358974359,0.240890688259109,0.496809834203976,-0.74688619586177,-1.5033643548109
"CA4690","POST",-19.1196026686363,7.27444985140118,0.40506329113924,55.379746835443,0.199038461538461,-0.237202109328788,-1.02436866634607,4.31854787988495
"CA5611","PRE",-7.32126021000303,4.40340352008705,0.59493670886076,52.9873417721519,0.419413919413919,1.78026398066066,0.500428438171506,0.281097884138394
"CA5611","POST",1.84162394005563,6.22426708073583,0.8625,45.325,0.588983050847458,2.09906995547305,1.16351186697223,0.554298756903518
"CB1112","PRE",-19.8533676613906,7.24843930816472,0.475,55.2405063291139,0.448754789272031,-0.0470165965778143,-0.329140705065535,7.00052170983484
"CB1112","POST",-28.4103197419179,9.64060546951796,0.481012658227848,58.8227848101266,0.583809523809524,-0.0470165965778143,0.103828037884563,-2.20832738738805
"CF8810","PRE",-5.40834385713571,5.81492027242723,0.708860759493671,35.7594936708861,0.507575757575758,1.74910048390121,0.349235349268967,0.199665686724887
"CF8810","POST",-6.85071435044992,5.95278109627991,0.746835443037975,44.6753246753247,0.512755102040816,1.69634209460715,0.412112954832804,0.242942125967961
"CH1903","PRE",-5.08985079393864,8.19271052158226,0.884615384615385,72.1923076923077,0.57183908045977,2.28782155140544,1.34273137943932,0.586903894936412
"CH1903","POST",-12.5014424690129,6.62170777405289,0.48051948051948,68.328947368421,0.543076923076923,-0.065153294007632,-0.295442111131452,4.53456905949904
"CH9307","PRE",-4.7257567675165,6.59874252971564,0.860759493670886,38.4430379746835,0.721674876847291,2.17548254615687,1.84772771881977,0.84934155049136
"CH9307","POST",-5.41218189092292,4.8250399488549,0.736842105263158,33.1842105263158,0.577777777777778,2.34143778691181,1.16467205900168,0.497417469518932
"CK6604","PRE",5.32558694667511,9.93901331997316,0.85,49.1875,0.71371610845295,2.04914758903902,1.36953002136223,0.66834132821272
"CK6604","POST",27.617903842922,4.257433223081,0.4875,43.45,0.540552995391705,0.627473153618268,0.682354896923993,1.08746468751572
"CK7903","PRE",-13.7853126646202,10.0414508488873,0.7125,51.1645569620253,0.661347517730496,2.29485815726967,1.76098694352577,0.767361999236118
"CK7903","POST",-10.207580883694,8.59934362308726,0.670886075949367,46.0379746835443,0.603888888888889,1.43498239625354,0.891673449475883,0.621382848879449
"CLV8201","PRE",17.8896113786982,8.75343061333598,0.518987341772152,57.9358974358974,0.343597262952102,0.690558571648641,-0.158800907495224,-0.229960084509707
"CLV8201","POST",8.97191030753203,4.2679942633852,0.5375,55.975,0.403645833333333,1.3994858501225,0.630524781245061,0.450540304633928
"CS3209","PRE",-2.73216742265534,5.53433461069928,0.85,57.9875,0.575,2.04914758903902,1.92140778282078,0.937661978619048
"CS3209","POST",-0.59765790783128,5.67439205443701,0.8,55.625,0.628654970760234,1.63859810286788,1.73545416486766,1.05910910175611
"CS4805","PRE",-0.408361535686788,11.4961550987192,0.8625,77.975,0.5,2.10749342615722,1.2348505548912,0.585933289074504
"CS4805","POST",-11.6729516113846,7.98870920926504,0.658227848101266,67.9873417721519,0.510297482837529,2.07433470575883,0.703023362381783,0.338915103927071
"DB6603","PRE",-23.7364961206408,4.47097977514682,0.468354430379747,47.0886075949367,0.527589134125637,-0.0784124127331122,-0.0386140418404867,0.492448076708404
"DB6603","POST",-18.8197396424135,4.07159910668704,0.45,47.3875,0.531822144725371,-0.124101932720938,0.0853767510344545,-0.68795665919593
"DE8608","POST",-11.1691090721031,11.4477701953887,0.822784810126582,54.3076923076923,0.567669172932331,2.05756053095312,1.48424178310552,0.721359960388615
"DG9001","PRE",2.22920264014099,9.51888701729546,0.810126582278481,59.2179487179487,0.578512396694215,1.68420539291818,1.00024125377242,0.593895054592675
"DG9001","POST",14.2762000804867,8.0344960128501,0.5625,51.3670886075949,0.710662525879917,1.08013669034129,1.02977114450201,0.953371136922153
"DH6611","PRE",-7.18819564866793,7.54411164082891,0.886075949367089,77.7594936708861,0.39406779661017,2.44204102279431,1.1193359136059,0.458360815055061
"DH6611","POST",-9.57423285351767,8.41193669078895,0.79746835443038,79.493670886076,0.514030612244898,2.58589716519748,0.966518740916871,0.373765343001588
"DK1507","PRE",-17.1584052489525,16.6684897240247,0.48,48.6081081081081,0.467708333333333,0.589704893046923,0.54878737940639,0.930613576175165
"DK1507","POST",-16.967606654518,10.3055632150461,0.421052631578947,47.0394736842105,0.544897959183673,-0.196580483944813,0.153277250415951,-0.779717535230921
"DR3229","PRE",-6.19323925438643,5.41172467790682,0.708860759493671,78.5822784810127,0.492929292929293,2.24595492488848,-0.115358676266608,-0.0513628635144298
"DR3229","POST",1.68189466408292,17.3630480601718,0.8,82.1139240506329,0.787878787878788,1.62087531713789,2.40649255116063,1.48468702417528
"ED9909","PRE",-17.1688246714086,9.44397453060129,0.5,74.126582278481,0.448754789272031,0.642754952497923,-0.534576587306532,-0.831695788930168
"ED9909","POST",-13.7067619017091,4.73326168443453,0.425,79.55,0.332858499525166,0.469397434480873,-0.34733356110204,-0.739956240890349
"EH9301","PRE",-7.8232435494403,6.99002508898933,0.75,40.5875,0.6375,2.41127969005656,0.995140885925194,0.412702387876809
"EH9301","POST",-0.615274038665823,7.17946008629722,0.8375,36.7625,0.697368421052632,1.96949048919463,1.45791783214448,0.740251268103689
"EH9707","PRE",-28.2540762383741,3.48458821395656,0.4625,57.379746835443,0.387452107279693,-0.0784124127331122,-0.442424335113471,5.64227422282395
"EH9707","POST",-22.8348761074539,11.3979921380058,0.45,63.6125,0.4505444646098,-0.124101932720938,-0.333280774301682,2.68554056326515
"EK7812","PRE",-26.536939794916,11.9310316398437,0.506329113924051,66.7594936708861,0.695920303605313,0.01566706762477,0.339294557632209,21.6565451658469
"EK7812","POST",-18.0009362435018,11.4698747556036,0.5125,51.1625,0.641935483870968,0.690156817820852,0.726133527460429,1.05212831158167
"EL1309","PRE",-25.660001842669,12.3479438718029,0.448717948717949,55.2820512820513,0.246153846153846,-0.12726055720675,-1.01928120901043,8.00940394559548
"EL1309","POST",-28.343900679927,12.0553716830002,0.475,58.0125,0.362132352941176,-0.0619316234553173,-0.377003882636268,6.08742128176682
"EM4008","PRE",-12.452619612518,7.32009754875904,0.5,43.7375,0.734375,0,0.630118093919983,Inf
"EM4008","POST",-13.5992474806155,7.56890964640923,0.5125,44.4125,0.674264007597341,0.690156817820852,1.09470081815542,1.58616243423039
"EN4701","PRE",-4.20891581735977,8.15215855541907,0.875,42.9620253164557,0.70952380952381,2.26057908893482,1.56844586842682,0.693824815112251
"EN4701","POST",-5.79049704014959,4.94977327150315,0.8,40.575,0.512345679012346,2.59905005198451,0.879081533125424,0.338231859926744
"ER4408","PRE",-30.7759815738023,23.0452804716658,0.439393939393939,61.8615384615385,0.304081632653061,-0.133321159723677,-1.02773373365349,7.70870682330988
"ER4408","POST",-20.5264065891558,10.892512838638,0.393939393939394,67.9848484848485,0.582345191040843,0.653849599572643,1.23568821108872,1.8898661280765
"ES2902","PRE",-1.19992954500132,5.81200200686097,0.875,41.0875,0.445901639344262,2.2120635418169,1.50997100421273,0.682607427710915
"ES2902","POST",4.06482348559214,6.96431005902657,0.875,49.0625,0.527322404371585,2.55240644022745,1.41566464821551,0.554639192999906
"EV2707","PRE",4.2190841750451,6.77892268336964,0.8875,62.4,0.542145593869732,2.56233138397794,0.212878748730715,0.08308010043581
"EV2707","POST",-0.521945115610633,6.31964627009313,0.873417721518987,65.0253164556962,0.629824561403509,2.19480149222821,0.805242468055912,0.36688624046743
"EW3611","PRE",4.21425212604822,5.01524104136734,0.8375,43.9625,0.754237288135593,2.01088809754564,2.03760947691413,1.01328834727357
"EW3611","POST",11.3759616906277,3.25804257718656,0.5375,35.7875,0.501262626262626,0.752902162929194,0.172627267996211,0.229282470546502
"FD9519","PRE",-17.0866448735982,6.72741939387044,0.468354430379747,77.9873417721519,0.653700189753321,-0.0784124127331122,0.614557821776447,-7.83750684815913
"FD9519","POST",-22.9858299839587,8.78335383566315,0.41025641025641,71.6493506493507,0.5645,0.44460563261685,0.121135810743252,0.272456761355618
"FJ7108","PRE",-28.3328638836177,6.76283346926407,0.481012658227848,41.7848101265823,0.480952380952381,-0.0470165965778143,0.15039886210762,-3.19884621718001
"FJ7108","POST",-20.0385536969745,5.73989242939026,0.5125,36.9125,0.592730661696179,0.0309509690163806,0.529040300454867,17.0928509596864
"GH8008","PRE",9.99784068692402,8.21586057882314,0.692307692307692,31.7692307692308,0.587622549019608,1.65732250384235,0.421724996906078,0.254461636723297
"GH8008","POST",16.8848314141332,10.2728840842797,0.55,32.1875,0.689962476547842,0.784375479962073,1.09122977001617,1.39120841726074
"GK9505","PRE",-0.481129968956944,19.1700632705792,0.7,75.475,0.537202380952381,1.02388253534788,0.36192383519258,0.353481793758315
"GK9505","POST",-0.0760494033433463,8.48771185518965,0.8,76.45,0.513062409288824,1.69908214273618,0.815691439784579,0.48007769563807
"GM653","PRE",-7.78161017551542,8.96320743352478,0.759493670886076,90.9746835443038,0.733057851239669,1.65114529659458,2.05861809511487,1.24678191517166
"GM653","POST",-8.74585710150691,6.34118390392171,0.6125,78.7875,0.631484794275492,1.37124445223451,0.81994959134904,0.597960188654105
"GP4612","PRE",-26.6237736882547,6.59734270625491,0.417721518987342,43.8227848101266,0.582013047530289,-0.205092315715209,0.262273952537533,-1.27880926022468
"GP4612","POST",-19.7146159744704,6.95821046815259,0.4875,40.425,0.5,0.627473153618267,0.569792422895284,0.908074583923834
"GS1002","PRE",-4.01876994017014,4.38424331586876,0.81578947368421,56.8933333333333,0.65149136577708,2.00830668334325,1.01102515254002,0.503421693970046
"GS1002","POST",-9.34552429357502,4.77741240269236,0.576923076923077,45.7179487179487,0.4328125,1.26085754142049,0.305137457095526,0.242007877235485
"GS8110","PRE",-29.9723783198774,9.1659245769025,0.461538461538462,67.1025641025641,0.544401544401544,-0.0953326208960618,-0.129998725647909,1.36363318689877
"GS8110","POST",-14.7117311392426,11.4929833785449,0.7625,56.1875,0.658653846153846,2.01623009940192,1.41571796985506,0.702160914210641
"HK6201","PRE",11.4137688803033,10.5069697566963,0.7,79.5875,0.614583333333333,1.50105867530324,1.04959926630611,0.699239332595757
"HK6201","POST",1.78998687497263,9.19251290638677,0.8375,76.3875,0.627049180327869,1.96900100710809,1.66280543776195,0.844491918368365
"HK7910","PRE",-5.1931266864781,3.0074168967722,0.575,39.4125,0.441150828247602,1.69709880732741,0.06411047463634,0.0377765126930358
"HK7910","POST",-18.8927394123514,6.60245050132209,0.4375,45.4125,0.345673076923077,0.501297099189658,-0.42958719020534,-0.856951278792084
"HM1303","PRE",22.7005711193359,5.45466972198718,0.6,35.6875,0.597222222222222,0.911691859524869,0.9332551279099,1.02365192598766
"HM1303","POST",8.23570157839151,5.38345446395474,0.5625,31.2875,0.318014705882353,1.26306450461559,-0.825390846387503,-0.653482734548625
"HR7506","PRE",-22.1914839296748,23.8475829162439,0.6625,17.35,0.338068181818182,0.413811248139834,-0.217464285963586,-0.525515647390283
"HR7506","POST",50.4999740981964,1.00550855202465,0.1125,19.1125,0.441520467836257,-0.572230748183497,0.313022761266562,-0.547021917749489
"HW0312","POST",-9.04804147263697,12.2907821602521,0.835443037974684,51.6455696202532,0.749228395061728,1.95292126843532,1.68307134440575,0.861822425516532
"IE2706","PRE",27.4646440640966,22.0875702634258,0.52,63.4794520547945,0.50989010989011,0.0169374873298716,0.343716637239999,20.2932483753837
"IE2706","POST",10.6338986404318,11.3794849611418,0.825,74.175,0.519230769230769,1.9687056084018,0.544605693284296,0.276631351564243
"IS8603","PRE",5.97295525459724,5.72596442496543,0.7625,69.9625,0.549707602339181,1.99005014779468,1.35682530259849,0.681804578694709
"IS8603","POST",-1.16998646904667,11.4599091177282,0.8375,75.2658227848101,0.810564663023679,1.99588771103374,2.29148696380595,1.14810414991689
"IS8903","PRE",3.12987067987589,4.7984490730792,0.810126582278481,66.3291139240506,0.716981132075472,1.80099114158218,1.27045149308485,0.705417957785599
"IS8903","POST",6.75345197397224,6.96519625237398,0.822784810126582,75.873417721519,0.474074074074074,2.06955464107035,1.35334307349488,0.653929616854639
"IW3409","PRE",50.3202400655224,3.63252877559276,0.15,58.1645569620253,0.492924528301887,-0.438244025777127,0.370913705830844,-0.846363404893227
"IW3409","POST",-50.5,0.308570407639807,0.0125,98.925,0.274691358024691,-2.08535556603183,-3.44524102415787,1.65211203320772
"JB9405","PRE",-21.2727089560449,6.87920496998651,0.481012658227848,64.4487179487179,0.419191919191919,-0.0317347976981592,-0.199115789363369,6.27436769117704
"JB9405","POST",-18.2763662377382,4.15735051570088,0.475,63.15,0.276958525345622,-0.0619316234553173,-0.729028312840307,11.7715033478218
"JE4903","PRE",-24.3100079286409,9.047533718378,0.466666666666667,59.2027027027027,0.535714285714286,-0.10043372051147,0.0786540827733666,-0.783144170830394
"JE4903","POST",-17.4864653723856,10.6282284555851,0.506666666666667,45.3466666666667,0.450520833333333,1.42492006266111,0.395336685381964,0.277444816548973
"JL0409","PRE",-22.4233833002809,6.7112033242971,0.415584415584416,66.4025974025974,0.266260162601626,-0.210428394247925,-0.981819159650695,4.66581120461302
"JL0409","POST",-24.6108598795844,5.89155304056934,0.43421052631579,57.6315789473684,0.356842105263158,-0.163493525929865,-0.631005746431027,3.85951518778619
"JM9304","PRE",15.9466094839026,8.20227323539377,0.5,48.4303797468354,0.520503261882572,0.318639363964375,0.986813903900956,3.0969616924395
"JM9304","POST",-6.15079533805162,8.75067516775104,0.625,49.25,0.685019841269841,0.872241270763751,0.448582292203424,0.514286937845347
"KB0410","PRE",-29.0226430159629,7.76801224178236,0.4375,75.4375,0.493942218080149,-0.155352777902563,-0.103700743213958,0.667517791532503
"KB0410","POST",-23.3847565232784,5.32190360104132,0.475,76.425,0.46036036036036,-0.0619316234553173,-0.320717712539291,5.17857751251562
"KE9804","PRE",-9.81179627761823,6.43586312749987,0.575,62.275,0.444711538461538,1.6189054015017,0.229432745494478,0.141720909252422
"KE9804","POST",-12.6487871739065,6.95884022129413,0.475,58.95,0.480357142857143,0.59607733746297,0.602077892231146,1.01006673864455
"KG1807","PRE",-14.6263366946624,11.7827023316252,0.473684210526316,56.4736842105263,0.490365111561866,1.03151352997271,-0.229172521817589,-0.222171125398279
"KG1807","POST",-12.2387585357832,5.56429474515742,0.4875,53.5443037974684,0.44952380952381,0.610988154473529,0.430299236459779,0.704267723210699
"KG4607","PRE",-4.88105101090668,5.38841780213478,0.8125,47.3375,0.544642857142857,2.02752573320725,0.940668755081683,0.463949107858514
"KG4607","POST",-2.01046527455171,4.04444477712587,0.8375,51.1625,0.59469696969697,1.89527609499312,0.714055162871774,0.376755220391447
"LB4008","PRE",-4.28817912859621,7.49096227273838,0.831168831168831,47.5789473684211,0.552447552447552,1.89728428447107,0.7894664755402,0.416103417923102
"LB4008","POST",0.98964515779107,4.60685616614333,0.896103896103896,53.3636363636364,0.449152542372881,2.41171932479544,0.880928533504668,0.36526992359668
"LS7311","PRE",7.83709891211582,10.1301684905222,0.848101265822785,66.746835443038,0.654385964912281,2.20943574573964,1.60226742552003,0.72519304017309
"LS7311","POST",35.5272319026039,5.97861040167104,0.475,70.8875,0.331215970961887,0.59607733746297,-0.0450216598570598,-0.0755298969235794
"LW2310","PRE",-33.0198327976919,14.5554360639854,0.5,58.0779220779221,0.483805668016194,0.0160688214525591,-0.541686288362885,-33.7103931338173
"LW2310","POST",-36.6363462930574,12.5008353918403,0.474358974358974,55.9358974358974,0.484,-0.0635015957225528,-0.500113607500723,7.87560693255314
"MB9608","PRE",-10.6246932269618,3.85962147933669,0.531645569620253,52.6315789473684,0.511111111111111,0.0325593658056133,-0.115639389696332,-3.55164748560293
"MB9608","POST",-4.97935869178773,5.76217636232865,0.8375,62.7341772151899,0.652892561983471,1.95197217364217,1.31015792668131,0.67119703055843
"MF4205","PRE",-13.5714683237368,8.54508755905365,0.525641025641026,26.4487179487179,0.602087114337568,1.10854563211964,1.57056554293799,1.41678023658343
"MF4205","POST",-16.3539755800778,13.9741492752117,0.4625,9.125,0.577891424075531,0.56460402043009,0.709861733964754,1.25727360819006
"MG4711","PRE",-22.1975331639476,12.1674979879709,0.468354430379747,60.3417721518987,0.295238095238095,0.854706441862115,-0.0464439397708085,-0.0543390543186067
"MG4711","POST",-27.7283143457096,8.48717044251743,0.435897435897436,51.8461538461538,0.438311688311688,-0.159318784966664,-0.698310100556753,4.38309958679932
"MJ1709","PRE",5.69958882254203,21.915310241701,0.569620253164557,51.1898734177215,0.596544715447154,0.283498694629672,0.903408429718438,3.18664052721139
"MJ1709","POST",-12.6778434703717,11.3171714843054,0.692307692307692,53.9480519480519,0.502705627705628,1.74145302485779,1.1316944893502,0.649856455038523
"MK3405","PRE",-18.5360489254676,3.98127327473906,0.45,51.825,0.458214624881291,0.533021448813923,0.257767215329808,0.483596327883972
"MK3405","POST",-14.1674432267136,6.99475524251688,0.525,62.9625,0.5,0.721506346773896,0.516471500655009,0.71582391889459
"MK7103","PRE",-14.2835118183091,16.5267184949868,0.545454545454546,57.6363636363636,0.672064777327935,1.21787784673862,1.61555171558385,1.32653017698792
"MK7103","POST",-18.3689721988686,15.8070780828448,0.538461538461539,59.0512820512821,0.625,1.31497950037486,0.225780332100665,0.17169874666206
"ML0209","PRE",-47.6480379958495,21.2285678169126,0.207792207792208,70.578947368421,0.412721893491124,-0.836991399140789,-0.693092272850067,0.828075740756188
"ML0209","POST",-42.643337884444,17.3774012219004,0.351351351351351,69.7432432432432,0.486309523809524,0.274534109100607,0.251940868460863,0.917703338525908
"MM6006","PRE",0.59850420075456,4.1340923466936,0.875,51.9875,0.553268765133172,2.2120635418169,1.14335996759004,0.516874830209865
"MM6006","POST",4.11146958790137,4.49573402205727,0.85,66.1875,0.554025423728814,2.10294096059475,1.26383864355771,0.600986269819134
"MN5308","PRE",-14.732631097963,6.6668460011621,0.487179487179487,67.6282051282051,0.606190476190476,-0.0317347976981592,0.164063748044872,-5.16983752678495
"MN5308","POST",-16.6110961265914,8.24852204604561,0.525,74.5875,0.5,1.55770774499461,0.169340077685968,0.108711071271302
"MS1911","PRE",-33.1802056976764,8.14805615139529,0.364864864864865,48.1643835616438,0.226811594202899,-0.36352034712513,-1.42693863990579,3.92533361939879
"MS1911","POST",-39.4444255680044,6.92874211294298,0.413333333333333,49.96,0.41025641025641,-0.216051802497258,-0.501132730012667,2.31950265732694
"MW1003","PRE",-12.6350601995573,7.66772343121974,0.5,54.7,0.598708871303623,1.11848006775818,0.282577941616416,0.252644593106429
"MW1003","POST",-13.3737601167173,8.6304610202963,0.491525423728814,68.6525423728814,0.499773653236759,0.642620437578255,0.239849248431413,0.373236259548943
"NB1401","PRE",5.08066733395688,5.92794869508054,0.7375,55.6625,0.535714285714286,1.63343878329243,0.887914197756451,0.543585842847894
"NB1401","POST",4.61633225947548,9.35961615338646,0.8625,70.7375,0.62590799031477,2.13522681066529,1.50264475797993,0.7037401134504
"NK9611","PRE",2.04105993292359,8.62861365155243,0.784810126582279,64.4358974358974,0.626072041166381,1.51955189862502,1.33869231146563,0.880978341494593
"NK9611","POST",1.41865774465938,8.24688059261649,0.756410256410256,59.8846153846154,0.611428571428571,1.37294417164148,0.87777414872496,0.639337102597189
"NL2703","PRE",-48.2884842509282,23.4730590842486,0.278481012658228,68.4683544303797,0.312777777777778,-0.579132162255556,-0.64527499195636,1.11421025115096
"NL2703","POST",50.4999999999204,0.778505106525084,0.0886075949367088,56.6708860759494,0.36682808716707,-0.715417769013265,-0.424951956289109,0.59399133582497
"NL3108","PRE",-24.6726755408156,6.89675278015765,0.5375,71.1898734177215,0.401544401544402,0.109885729765991,-0.721189901924866,-6.56308970655867
"NL3108","POST",-23.4727457906469,10.0119117588362,0.475,78.675,0.24780487804878,-0.0619316234553173,-1.22612263670968,19.7980057408686
"NM9901","PRE",-11.0802652658842,14.260825129137,0.7875,63.0875,0.57760989010989,1.78130621610381,0.709740426944975,0.39843819132758
"NM9901","POST",10.2068923318787,13.6100420315867,0.525,56.5875,0.53021978021978,-0.426583908142666,0.798481247288608,-1.87180348824027
"NT8207","PRE",-20.2419546870154,10.4120549874811,0.5125,52.6125,0.402764976958525,0.0309509690163806,-0.458158397403297,-14.8027157780042
"NT8207","POST",-16.7424252102256,11.6436203851088,0.65,54.85,0.425589836660617,2.04438088358282,0.36214929166047,0.177143747805837
"PP3408","PRE",-7.91819827977513,10.5381687468999,0.79746835443038,50.5822784810127,0.645833333333333,1.82609052382717,1.87116924077441,1.02468591581799
"PP3408","POST",-9.2184843816792,10.384946768251,0.8125,56.325,0.440495867768595,1.82483913057209,0.704010297277269,0.385793073747033
"PR3201","PRE",0.968162932808222,12.1135084948224,0.7125,66.8607594936709,0.634453781512605,1.14516908811406,1.47156990490978,1.28502412454502
"PR3201","POST",3.50897270904039,5.90021994287272,0.848101265822785,59.6835443037975,0.686507936507937,2.03287412508294,1.41010732389906,0.693652059662831
"PS7809","PRE",4.15439635042857,10.960795944672,0.6375,40.1875,0.549249530956848,0.850275814618281,0.183993223807774,0.216392399553755
"PS7809","POST",1.0556779100831,10.9756601133836,0.784810126582278,41.4303797468354,0.696212121212121,1.53101262931075,1.63880277329482,1.07040447735078
"RB7406","PRE",-31.9815328565415,10.7522681970054,0.454545454545455,85.3896103896104,0.533438237608183,-0.112715124239586,-0.273250099718809,2.42425407914195
"RB7406","POST",-38.0092883018586,6.2791266903199,0.455696202531646,89.7341772151899,0.615131578947368,-0.109885729765991,0.53612157600632,-4.87890081039663
"RK0403","PRE",-23.7423710402043,7.01010803000636,0.45,70,0.387980769230769,-0.124101932720938,-0.572085704191754,4.60980495346657
"RK0403","POST",-15.5861708126459,10.43491805021,0.6875,80.85,0.53099173553719,2.17897190473886,1.34555381917963,0.6175177459853
"SA4507","PRE",-9.64691782968468,9.78667389087612,0.8375,82.725,0.638095238095238,2.04212941611624,1.75648056605238,0.86012206287733
"SA4507","POST",-17.1323387457371,9.09242005474743,0.525,80.6125,0.605658709106985,0.0619316234553173,0.628936558620183,10.1553378311478
"SB3211","PRE",-21.8524499640482,17.7457989640155,0.620253164556962,38.873417721519,0.457692307692308,1.43396072184128,1.01851630214766,0.710281869394463
"SB3211","POST",-34.7351369301661,8.54763910734827,0.430379746835443,53.1772151898734,0.570175438596491,-0.173192651006423,-0.0315829578343677,0.182357378623394
"SB4612","PRE",-17.0585388398671,5.05305786123265,0.487179487179487,47.6184210526316,0.5,-0.0325593658056133,-0.155365842864527,4.77177116385179
"SB4612","POST",-16.5491019574007,3.7638364907104,0.455696202531646,60.6708860759494,0.33625730994152,-0.109885729765991,-0.679286674894118,6.18175514091504
"SB4704","PRE",-16.2088506126436,11.3357777608704,0.4875,65.9615384615385,0.335288367546432,-0.0317347976981592,-0.480187029754759,15.131245969235
"SB4704","POST",-7.7766706203218,9.19223257220068,0.871794871794872,63.0384615384615,0.695402298850575,2.5246671747639,1.68967490179372,0.669266396253491
"SB5206","PRE",14.2362408389884,6.69948561119788,0.55,98.4177215189873,0.585885885885886,0.769822371092143,1.51542725228338,1.96854145734093
"SB5206","POST",35.4095554258905,13.7527296295123,0.5,97.95,0.556976744186046,0.658822682571312,1.37206117456763,2.08259553118698
"SF0102","PRE",-24.9674073171514,7.32139072264025,0.43421052631579,34.1710526315789,0.371345029239766,-0.163493525929865,-0.582160270550878,3.56075426987007
"SF0102","POST",-18.8375045681152,8.6796318132608,0.481012658227848,38.7307692307692,0.368627450980392,1.3274495763386,0.708671479455329,0.533859433975641
"SF8005","PRE",-26.20778416213,8.89197466515695,0.45,50.9625,0.549001814882033,-0.124101932720938,-0.0491288727732473,0.395875162425722
"SF8005","POST",-28.2419133691765,9.89294177364522,0.4625,59.1625,0.531481481481481,-0.0929718485610739,0.0389733553690429,-0.419195229225124
"SH3906","PRE",-28.1004085435241,10.5662365074034,0.474358974358974,55.8333333333333,0.300099206349206,-0.0635015957225528,-0.850189481675151,13.3884742895241
"SH3906","POST",-19.8726168440198,16.860865211419,0.525,52.7625,0.54040404040404,0.999156363799861,0.980562622427529,0.981390559029601
"SH4307","PRE",50.4999999999731,0.632555495181492,0.0625,40.5189873417722,0.494623655913978,-0.906309042741771,-1.03958637468264,1.14705506141445
"SH4307","POST",16.6892888471621,23.7095371691425,0.65,31.55,0.522222222222222,1.04299034729324,0.182216570633886,0.174705903181917
"SH4903","PRE",-12.5611474622724,4.96205238294196,0.513888888888889,60.5774647887324,0.389508928571429,0.0174080199747078,-0.503142780899213,-28.902929892672
"SH4903","POST",-7.32386547742066,11.9509651402572,0.813333333333333,63.6266666666667,0.69811320754717,2.00134660386099,1.77796909593658,0.888386395693045
"SH8007","PRE",29.9737111791902,7.19364144033943,0.493506493506494,67.974025974026,0.269444444444444,0.641930384390468,-0.728928377947489,-1.13552558917994
"SH8007","POST",25.5394806608477,4.76939150367352,0.5125,50.1,0.416429249762583,0.690156817820852,-0.0385080618167889,-0.0557961043381081
"SK2005","PRE",-6.31207387908279,19.9089319168341,0.772151898734177,72.4358974358974,0.702662721893491,1.68470083356871,2.00791576871366,1.1918530155056
"SK2005","POST",-14.5832627015153,11.2467533706231,0.6875,77.325,0.550925925925926,1.49814276549505,1.66049558533197,1.10836939147337
"SK4807","PRE",-7.48103315887418,6.63415562729351,0.763157894736842,51.2631578947368,0.580562659846547,1.99108789055135,0.669288294486381,0.336142014454745
"SK4807","POST",-10.2002520453747,9.18011617129595,0.753246753246753,40.0394736842105,0.572307692307692,1.71641630674889,1.21297216326714,0.706688790183229
"SK5209","PRE",-15.9801156635497,9.05790695896895,0.538461538461539,55.4025974025974,0.386274509803922,0.0804272736861699,-0.52957608464222,-6.58453358382686
"SK5209","POST",-13.7389353402736,8.41245161832766,0.5,62.5875,0.634191176470588,0,0.415940167735766,Inf
"SL4208","PRE",-12.7780862103923,23.2527439275792,0.5125,71.4,0.428828828828829,0.218105050561317,0.28256765756549,1.29555760785123
"SL4208","POST",-12.0579891630253,9.13892596752003,0.75,65.85,0.441964285714286,1.96665958019221,0.368322397199138,0.187283249683273
"SP9307","PRE",48.464942536869,21.1837870953435,0.175,67.7215189873418,0.549019607843137,-0.276179796726785,-0.0344250051881662,0.124647079895643
"SP9307","POST",-49.9720946742696,5.91031335530343,0.038961038961039,80.7922077922078,0.494915254237288,-1.69675182711674,-0.480543246349624,0.283213631286435
"SS3101","PRE",-26.4615576607125,14.2592903785738,0.467532467532468,67.4025974025974,0.398898898898899,1.12852633482389,-0.411444719263479,-0.36458583780208
"SS3101","POST",-28.3056342042479,6.37386646135631,0.44,52.5333333333333,0.41292735042735,-0.148967919030165,-0.440053772548683,2.95401704886254
"SS3308","PRE",-13.7744393686348,7.67026855573229,0.506329113924051,49.0253164556962,0.573002754820937,1.11779001457039,0.524437209285175,0.469173281608473
"SS3308","POST",-20.8620180105283,7.96315180803772,0.493670886075949,49.4556962025316,0.491228070175439,0.642754952497923,0.225190904819666,0.35035265608536
"SS3808","PRE",-22.6691159541932,7.17166235559885,0.5125,68.9375,0.559687786960514,0.0309509690163806,0.0281357697158494,0.909043258095043
"SS3808","POST",-25.4029575857156,5.54114700034955,0.4625,63.75,0.633179723502304,-0.0929718485610739,0.704980785557219,-7.58273387555709
"SS4707","PRE",18.9039024791951,11.6563792575908,0.4375,41.6125,0.479496738117428,0.501297099189658,0.161532801609446,0.322229675516899
"SS4707","POST",35.0126257893106,6.57876563302256,0.525,41.175,0.671889400921659,0.721506346773896,1.09836622490941,1.52232371873176
"SS6412","PRE",-12.5810326595667,10.6901586642357,0.775,72.975,0.563860667634252,2.06678251570004,1.33385519000314,0.645377624336708
"SS6412","POST",-9.92150010102197,10.3611982421548,0.8625,61.6962025316456,0.678571428571429,2.2802390715381,1.16691223244547,0.511749950700717
"SS9909","PRE",-41.1313575764749,22.1337813305331,0.475,64.975,0.552656104380242,-0.0619316234553173,-0.0243000339524657,0.39236875438923
"SS9909","POST",-24.3720289784148,15.6519614790519,0.4875,69.506329113924,0.489089184060721,0.642754952497923,0.143701358861212,0.223570986583221
"TA6110","PRE",-10.2735960034001,4.98494533701769,0.5,57.8,0.523745519713262,1.30044559419653,-0.10473903060085,-0.080540878502159
"TA6110","POST",-22.2979937575021,4.34352337598378,0.4875,57.95,0.530330882352941,-0.0309509690163808,0.173982544316557,-5.62123092897276
"TD3210","PRE",-1.65403295800107,4.22991954821658,0.87012987012987,48.9466666666667,0.686582809224319,2.20181027221612,1.16079087520332,0.527198410258567
"TD3210","POST",-1.73194445180021,5.53047154711618,0.7875,52.0125,0.598692810457516,1.69360107007744,0.60502964149736,0.357244484658772
"TJ6307","PRE",-2.50495397441915,9.8744969691833,0.875,76.1,0.529761904761905,2.27918278843563,1.29423851292428,0.567852003573884
"TJ6307","POST",-11.649080584448,9.0415822530487,0.7125,76.6375,0.490425531914894,1.80810940629232,0.821098416390839,0.454119874346858
"TK5107","PRE",-11.6208239660535,4.98271329647928,0.525,21.1125,0.542956656346749,0.721506346773896,0.739227598862375,1.02456146389802
"TK5107","POST",-6.46326676703875,5.17040431311847,0.675,15.675,0.600198412698413,1.98186130630467,1.09833456193896,0.554193453621073
"TM3806","PRE",-15.8920275510037,5.299847779674,0.4875,56.1,0.549632352941176,0.627473153618267,0.454379331215533,0.724141468994164
"TM3806","POST",-17.9420635261573,4.54316023471841,0.475,53.5443037974684,0.619318181818182,-0.0470165965778143,0.426253012007839,-9.0660116434071
"TN9812","PRE",-2.33450922319944,9.87168814186394,0.848101265822785,62.2278481012658,0.573891625615764,2.02910533641945,1.6078333451252,0.792385351448717
"TN9812","POST",-11.3713369395021,10.6394934026608,0.7875,62.7375,0.603422619047619,2.12047151124542,1.12274229457513,0.529477660332115
"UH14","PRE",-45.7244198542968,21.7910465299307,0.3875,39.7341772151899,0.433333333333333,0.384928478306876,-0.348498825041244,-0.905359942642152
"UH14","POST",-42.7669681454501,4.93815506207545,0.3625,33.3625,0.43801652892562,-0.347261247029718,-0.51463492600437,1.48198202479048
"UH2810","PRE",6.97447419735595,7.10509279313374,0.5625,49.5125,0.609126984126984,0.892072328254845,0.702718198861927,0.787736797347644
"UH2810","POST",2.41182330381913,7.8159670833201,0.8125,59.7875,0.735714285714286,1.71938105418094,1.55568535623533,0.904793822435366
"UK4712","PRE",-22.6533993496594,10.2810933070954,0.481012658227848,49.6455696202532,0.668087121212121,-0.0470165965778143,0.450883312819607,-9.58987561069798
"UK4712","POST",-10.0684703638901,9.27075892696515,0.8,45.1875,0.671428571428571,1.96926677650328,1.50232197669445,0.76288392950093
"UK7908","PRE",-21.0152059821197,6.76164016546126,0.506493506493506,44.3506493506493,0.43010752688172,0.0160688214525591,-0.284165068659551,-17.6842508019961
"UK7908","POST",-20.9772654195615,4.83539985491787,0.506493506493506,52.0266666666667,0.571875,0.016491723021858,0.292251352111902,17.7210926793128
"UR2907","PRE",-19.8134351651822,4.78787830136799,0.391891891891892,60.1756756756757,0.404392764857881,-0.270641639775835,-0.870758157520961,3.21738428071226
"UR2907","POST",-25.3063234539547,8.6983520087908,0.441558441558442,66.8051948051948,0.622159090909091,0.510996224266217,0.707869092848356,1.38527264827611
"VB6604","PRE",-6.4401941459134,10.201677875087,0.833333333333333,51.9722222222222,0.665816326530612,1.96635808994491,0.966513133283262,0.49152447777726
"VB6604","POST",0.71249766922908,10.5552205980677,0.818181818181818,47.2105263157895,0.65050505050505,1.90211983735214,1.78695544503867,0.93945471255177
"VH3202","PRE",-6.71897808758735,9.12069979771894,0.831168831168831,39.8831168831169,0.626262626262626,1.91940470982729,1.0896628016343,0.567708725551867
"VH3202","POST",-17.8430202340092,8.66458474124709,0.506666666666667,30.3466666666667,0.608753315649867,0.016491723021858,0.388285713104502,23.5442780957375
NA,"PRE",-39.6401111440409,22.7172686832552,0.21875,18.2830188679245,0.502150537634409,-0.733976660357839,0.201479960282431,-0.27450458735868
NA,"POST",-36.6248618798868,10.6970314533806,0.484536082474227,39.9789473684211,0.567948717948718,-0.0391760855030976,0.24248371196967,-6.1895850199351
"VL8805","PRE",-16.7293663820568,9.94740802125745,0.5375,45.9125,0.660278745644599,0.0929718485610738,0.809340019375155,8.7052159540906
"VL8805","POST",-12.3441747301332,3.56542441197904,0.4625,41.25,0.706611570247934,0.56460402043009,1.33384607127497,2.36244522357264
"YM7007","PRE",-6.5490166168053,6.21010217473583,0.666666666666667,60.5194805194805,0.567708333333333,1.60130600517896,0.291453415079335,0.182009818321242
"YM7007","POST",-2.37466581496057,6.00768529314493,0.87012987012987,55.4025974025974,0.427777777777778,2.20796479444958,0.0496240602572588,0.0224750233255551
